,Hoechst1,MUC1,CD25,CDX2,Synaptophysin,CD57,NKG2G,Vimentin,CD4,CD19,CD7,CD11c,CD161,CD15,CD34,CD16,ITLN1,HLADR,CD123,CD66,CD3,CD45RO,CD38,CD90,CK7,aSMA,CD117,CD127,MUC2,CHGA,FAP,CollagenIV,CD21,BCL2,CD31,Ki67,SOX9,CD8,CD36,CD138,CD69,CD49f,CD49a,CD68,OLFM4,Podoplanin,CD45,CD163,CD44,CD56,Cytokeratin,CD206,aDefensin5,DRAQ5
Hoechst1,1.0,0.1418806698205285,0.03097279769675426,0.7449970528806885,0.09734283688948595,0.04424430330819539,0.5114249610621977,0.34377721965869634,0.36388620821254836,0.3375776591578228,0.03670234683934101,0.23468998438900554,0.19860855119244467,0.2569817069778547,0.35221322655686954,0.31692651244475817,0.24168410273583504,0.32825503898669856,0.7923090425198422,0.1671294521437273,0.21476508531622537,0.5092323758029961,0.20660826219906078,0.6637947287847976,0.325949607902921,0.4991640090986499,0.17619741204104183,-0.15662049196879876,0.2336294217523027,0.0749040969116798,0.7504699922529292,0.539307538469139,0.016126137342537348,0.6947333242222079,0.2994473235515834,0.5237177967827434,0.5293637372424248,0.07708733641682128,0.12915842237759906,0.2011144768720411,0.1698421756075401,0.5297897617925436,0.5181305963266684,0.12233565917250533,0.09950340775429752,0.47766299727084743,0.3908789709592726,0.3333737575665168,0.6061924399128614,0.48163376273330977,0.3181020219929691,0.3763481763647674,-0.1878355115507025,0.8250348542661278
MUC1,0.1418806698205285,0.9999999999999998,0.2581388983600931,0.4225568855619136,0.10196886430815642,0.22543389815930218,0.421161351343861,0.04591905212724989,0.16359361153908303,0.4014227798679714,0.34087864655141026,0.1398442527953939,0.38911489357410417,0.7547955325229103,-0.041113016972004084,0.32346050012692207,0.8499944917881064,0.05938040999395994,0.3190674626034898,0.540940746238631,0.22916798326545676,0.30875383384468974,0.0940046649517471,0.04448366179451889,0.4060826244437104,-0.10525888693923359,0.024401753625410985,0.345201678986238,0.6124270935375536,0.20142542107634726,0.11777789431978948,-0.06225168764465105,0.1794032008104825,0.3048097790467065,-0.014703973704044358,0.5995757862246405,0.17443312064383462,0.44289724644782447,0.023579164251730397,0.5343660413656947,0.16573067912836278,0.4887021782315449,-0.11032474199695932,0.2596995784418403,0.4160438831790491,-0.0071888792437627995,0.14046192065669846,0.014009894030559814,0.005487990232542061,-0.09167032545691725,0.7148888874560839,0.028415249273203786,0.20253859842585722,0.15092198717026317
CD25,0.030972797696754255,0.2581388983600931,1.0,0.18040725780336492,0.2613825591540264,0.8295823332915824,0.2701912434014086,0.11610461713664814,0.3016001233768839,0.2787461134714723,0.5632849824468841,0.3908210801992509,0.26768968491581663,0.14091892742061518,0.18113086106902437,0.238860632175157,0.22199448245657902,0.25082879755883997,0.12014461179853003,0.15611741743112645,0.4368099006529703,0.22263392058424555,0.13729895716852125,0.0686372830959385,0.18553856960290513,0.012136309564515136,0.21766617593348753,0.2754337036897102,0.05951727082539108,0.5419105009239512,0.08379078527786993,0.05859901096121897,0.6862512621148162,0.1251944769014723,0.11197641820635906,0.16819641306695668,0.054599544886220396,0.2923543817693191,0.18334148189831184,0.23130346266781995,0.35198377889904553,0.10352399838222412,0.017427839450999422,0.18169369067579344,0.13863589945625004,0.051150971655466476,0.07915346496009655,0.06524093990220514,0.015522492746110205,0.013146717855623661,0.0185160352985504,0.03329675017792865,0.05958748816621336,-0.012669923701069006
CDX2,0.7449970528806885,0.4225568855619136,0.1804072578033649,0.9999999999999999,0.17109198124684402,0.22044841199271728,0.8865449580219371,0.2982575993699528,0.35601421768863395,0.7370921809948585,0.19055976864191118,0.28360198520249275,0.6214060206181624,0.44346053351103837,0.27690475047574076,0.6949495643031492,0.4351258513719841,0.31078097191717863,0.86440291420129,0.36487879445682714,0.2771371554630584,0.7551384868522585,0.2333780506384202,0.6276622505221566,0.6569122458712332,0.5622715022134283,0.1927092023640595,0.24633658452156676,0.37179181152686935,0.18775132395464778,0.6858994358752892,0.5873890395897152,0.14319064755272784,0.8102947509001097,0.2400153151642064,0.8076719982858979,0.7062728145411092,0.3279255637642812,0.13035177276405768,0.4402491155943066,0.21896088677916997,0.6536890448162678,0.5805330495191229,0.32303646381256557,0.18679226188887685,0.4968837775803376,0.36224180171500214,0.221847382117052,0.652650053985559,0.5455378147083814,0.5111056900798192,0.2540151364530888,0.013577862925229011,0.7161638064793516
Synaptophysin,0.09734283688948595,0.10196886430815641,0.26138255915402636,0.17109198124684402,1.0,0.2382258040096205,0.18459283549177347,0.23148891001803085,0.09302028263997822,0.16304034792750105,0.2534484175478225,0.1449378616087389,0.14719614654536675,0.022851180345816523,0.22864310932049062,0.1784824849052303,0.06045031870036999,0.10086920208839463,0.13258192213600342,0.0405480690469166,0.12143743190158435,0.16735316841353026,0.05003115813451946,0.2835982241205546,0.19044668282585492,0.18606073292665612,0.3097660173178706,0.1482045859494824,0.012636729707246844,0.16979325819646357,0.19414532141128962,0.23169894100202937,0.216488753402262,0.3080421213341902,0.020890926038618227,0.19974634329591484,0.17823562343574334,0.15645234038212072,0.06857127331379266,0.32933473157693016,0.10229328281403392,0.25116114988352145,0.24096297498006436,0.17841177586776433,0.031176583480583518,0.46494513322773007,0.05906508063300025,0.07849923136705396,0.2659663744775565,0.3445486020601617,-0.032152191295552836,0.04955161029490825,0.1679980426464348,0.13684296891665831
CD57,0.04424430330819539,0.22543389815930218,0.8295823332915824,0.22044841199271728,0.23822580400962054,1.0,0.34318957880821604,0.12161188924344905,0.3208077364158432,0.35716102391577126,0.5380558003297667,0.4345833168171846,0.34653029351481907,0.12199782453987316,0.2040157701932574,0.3208035176000288,0.18500781062966118,0.25864673037381847,0.14988934335905166,0.1463764651720186,0.4032150706589002,0.2998905252430056,0.1558004075847801,0.06202882652757838,0.2335595005732727,0.005961425216619675,0.22197243346960183,0.3632223309349593,0.042070148074531466,0.5302742897244036,0.08819763671752073,0.05925451872120893,0.6661835994350478,0.13419500448749533,0.10772430672574933,0.17261441856196116,0.03307177441938757,0.298107323142801,0.1737495756357503,0.20816076214262683,0.30420583299438403,0.10107386308038412,0.002647198307204386,0.1655370834676953,0.12954331021313847,0.0293360889232566,0.07375349341476942,0.05413863572470088,-0.0014682831789538274,0.0008671068189327385,0.0020067624591311698,0.023011678758169295,0.05159849478693969,-0.03998645557532818
NKG2G,0.5114249610621977,0.421161351343861,0.2701912434014086,0.8865449580219371,0.18459283549177347,0.34318957880821604,0.9999999999999999,0.26339143076870974,0.3447461308838766,0.9055742564797659,0.3139493514055797,0.32163314910239127,0.8494900690694703,0.372978957713173,0.23814430078839877,0.8532431031204144,0.39104967261704,0.3091215229128372,0.7067217969794302,0.31911685087896,0.35053532087534583,0.8297783858327927,0.2681927808046649,0.4793860306528519,0.7560026009125901,0.4346804278263096,0.18661909256251868,0.5091233658571978,0.30106452233983694,0.24434266412366215,0.4945655407661209,0.47441671930393253,0.2288123938159721,0.7176054486246587,0.20507998653164974,0.7757605491863995,0.5720819241703899,0.48152584389422326,0.14418781788502874,0.49438517958638295,0.28275003536759724,0.5751791658111022,0.44504806306956823,0.40231284744095375,0.16985699398328497,0.4014694656709369,0.3372510190493599,0.16539179631348117,0.5096989122055393,0.4346063159062305,0.406901237110864,0.1763902851042388,0.14543815565467735,0.5319493944949544
Vimentin,0.3437772196586964,0.04591905212724989,0.11610461713664816,0.29825759936995283,0.23148891001803087,0.12161188924344905,0.26339143076870974,0.9999999999999998,0.4147144014112057,0.24507186864937094,0.166373895442941,0.31995846227275626,0.1996064397320197,0.1200583084994709,0.41969559580590543,0.24522367583598106,0.06178478675527182,0.4417908351302846,0.3503819428598171,0.017565032730224188,0.24088288322923349,0.3441717846994349,0.2790050114796711,0.4616989822178898,0.5288521845513369,0.17396854014330906,0.21034183393994116,0.017812837043732533,0.04566237280842357,0.09684861617411479,0.3501504003787333,0.48998181044232464,0.08258879278438062,0.4305385079836252,0.36643910868091917,0.24422902262939317,0.12589538218798693,0.1546818625854243,0.2933921634415755,0.2412607959069313,0.20687702097076027,0.399961151729337,0.17309891066029612,0.2272277846859508,0.003999336720700072,0.31206025129021975,0.4284623510369112,0.3164991015700963,0.3039420663946386,0.19322417061618896,0.10606386149183253,0.36261389711228403,0.00960751312505726,0.36164917722586337
CD4,0.36388620821254836,0.163593611539083,0.3016001233768839,0.356014217688634,0.09302028263997822,0.32080773641584326,0.3447461308838766,0.4147144014112057,1.0,0.3755766332983018,0.2972925567384121,0.5959636866997057,0.33429275075787845,0.16537432961664772,0.27464477057869224,0.40464362414759325,0.16410513218025144,0.5958094407731203,0.3583130034963907,0.04255313627931724,0.48995565147177045,0.5830364043762295,0.4333609774503061,0.33773920903479915,0.294823039010241,0.08871777240578885,0.12370126977510572,0.06967222031490104,0.08744806445414675,0.23918028418502896,0.2191747845433847,0.2340964826727864,0.22769328203438155,0.36088220359158935,0.25101740936298483,0.3186898729315128,0.05294370603502748,0.2534661248176714,0.20837638012162946,0.29853993481604907,0.3926052085250393,0.34377607657324427,0.09414264604100728,0.36370932651975524,0.05057740219897503,0.16014679422687558,0.7954529836802487,0.5900406052887704,0.2748394890880559,0.10416126101959845,0.13999743806252818,0.6219318328127938,-0.0542942116475722,0.29801048118709106
CD19,0.3375776591578228,0.40142277986797137,0.2787461134714724,0.7370921809948585,0.16304034792750105,0.3571610239157713,0.9055742564797657,0.24507186864937092,0.3755766332983018,0.9999999999999999,0.31124355146427685,0.3680928500046158,0.9106304868570884,0.3234026674610521,0.1618159399351141,0.867628756613449,0.34285907612383093,0.3078012414347227,0.5359476831577501,0.269351288995374,0.3425151672983255,0.8259001148698266,0.4125048703747073,0.3466874403656328,0.7495240454059964,0.286204171988704,0.15989395571900158,0.6111307610789357,0.24779838621965836,0.2400322222678269,0.3215703814153926,0.34553400620138075,0.23692216917953512,0.5983848064322771,0.1357006870698132,0.7030924422146411,0.4010223439056289,0.4799490769238886,0.12004238914157465,0.5672930722938483,0.31206939734507744,0.4911221323138826,0.28365917734265533,0.4517741237220376,0.14377950627111077,0.292861441309402,0.36169808147070237,0.1427680002889206,0.373428109066077,0.29997205988660824,0.3433683650326251,0.14865770090907232,0.19175849040895246,0.3670970195759814
CD7,0.036702346839341,0.3408786465514102,0.5632849824468841,0.1905597686419112,0.2534484175478225,0.5380558003297667,0.3139493514055797,0.166373895442941,0.2972925567384121,0.31124355146427685,1.0,0.35650855064472153,0.36000778893145313,0.19135685812212913,0.1015649042406656,0.280939605954378,0.24614382293227538,0.2223767736759034,0.10897674890321306,0.1696603030349113,0.576948001630892,0.2836988511634899,0.23451774574106724,0.052252983239392294,0.23862982564305754,-0.027304046676454544,0.14580604427397356,0.32787588678103746,0.0963095086853886,0.3629409374580898,0.05387495356299793,0.03430171828975794,0.43892743208591484,0.17634909922286415,0.07365647127909132,0.24923299020205492,0.013303756914256984,0.49168071064036245,0.12889632618571295,0.33389438323461496,0.5211719715750924,0.17416713398783593,-0.028097771073905275,0.2928093560212102,0.10229466192022024,0.058669919179918574,0.2494294269642485,0.1123553375683275,0.013905245273114156,0.007653254975043601,0.07726389202903441,0.09230376530994605,0.23836064195732318,0.029229830463310374
CD11c,0.23468998438900557,0.1398442527953939,0.3908210801992509,0.2836019852024928,0.14493786160873892,0.43458331681718454,0.3216331491023912,0.31995846227275626,0.5959636866997057,0.3680928500046158,0.3565085506447216,1.0,0.32891596711646726,0.1504997411010138,0.1884498235334522,0.3658866704999663,0.1373470139406289,0.601101844505191,0.25380892252078785,0.09619589283668226,0.40493982851791505,0.5028752234459309,0.3821464739131007,0.2210124528135571,0.2674570665516932,0.06060966842319596,0.1639280294810205,0.1438082283357692,0.05743722151964312,0.29063276984734043,0.14190641499343304,0.1827138524439762,0.3210901275734843,0.27213513980201814,0.17004975504046824,0.2602544451420477,0.048026739389351904,0.24546235970385727,0.17971516346823105,0.25188225081785315,0.3496850701705798,0.24034912191069754,0.06707511315251768,0.4173684807516548,0.07211597054529674,0.11868528110694491,0.6051454186995078,0.3078816162688475,0.17979241931344694,0.08118370155728447,0.08835753255719248,0.31343096298404277,-0.02419541337407658,0.17245527715453987
CD161,0.19860855119244472,0.38911489357410417,0.26768968491581663,0.6214060206181624,0.14719614654536675,0.346530293514819,0.8494900690694702,0.1996064397320197,0.33429275075787845,0.9106304868570884,0.36000778893145313,0.32891596711646726,0.9999999999999999,0.2884050317659605,0.11521979755234774,0.8520324438706937,0.3189755787645628,0.24908600077742216,0.4152711436298592,0.24507361158693483,0.41406594918964484,0.7823779931452782,0.3063374961789073,0.24764342369113176,0.7235335160313445,0.21413511285605896,0.13641772944970723,0.676849397149583,0.21713220298846445,0.2393780684587434,0.20504810160900508,0.2684970642735929,0.2258408827536594,0.5068045110134303,0.09463004571351397,0.6446199287767423,0.3252068731191861,0.5378371046027453,0.10377920455651864,0.5110870552317106,0.33032731555864214,0.4240010271700998,0.2103691630388121,0.43838902467159246,0.13397234609212985,0.22959929320461592,0.3249027323758148,0.09349396819915996,0.28165291895645067,0.23839192138852394,0.29633439813320117,0.0914126198418216,0.2503308522114155,0.26225087808122466
CD15,0.2569817069778547,0.7547955325229102,0.14091892742061518,0.44346053351103837,0.022851180345816523,0.12199782453987318,0.3729789577131731,0.12005830849947091,0.16537432961664772,0.3234026674610521,0.19135685812212913,0.15049974110101383,0.28840503176596044,1.0,-0.013500240098726453,0.27670189338808193,0.7694757813620036,0.09130703140637494,0.44982102871508556,0.7076513432513603,0.20704616669491402,0.3067865861809133,0.09331800549781381,0.08874366092546677,0.3559280162927564,-0.060805816133251894,0.01794299149180006,0.13485921851230206,0.5793657212765145,0.15177233466084,0.21860220640601566,0.001739926794807825,0.11148598881374432,0.28843602061066276,0.018167670808064435,0.5065550543311163,0.21191059378943722,0.25986141977411426,0.04622064002994222,0.38607268712152637,0.15627800812874487,0.49778870919964113,-0.0588978514465719,0.14673985263808287,0.3837149829914857,-0.008373308042135858,0.19661820590202572,0.01032625372949004,0.04594461580425049,-0.07006160497738051,0.8490740269806699,0.03592551614004984,0.00023218535370387157,0.22929041326573793
CD34,0.35221322655686954,-0.041113016972004084,0.18113086106902437,0.2769047504757407,0.22864310932049062,0.20401577019325737,0.2381443007883988,0.41969559580590543,0.27464477057869224,0.1618159399351141,0.1015649042406656,0.18844982353345222,0.11521979755234775,-0.013500240098726453,0.9999999999999999,0.23825889591777238,0.005108458424705414,0.5095534203751451,0.4235559484131177,0.002039672758457848,0.13068138127377302,0.2701864096428907,0.04542905018062174,0.5242832609976594,0.30677782755933625,0.209452951679892,0.27473753857639316,0.016913753543313592,-0.017314905247681173,0.1345012542123886,0.4052509845925579,0.3400897764461565,0.16130898754606557,0.38723820111169377,0.5956958341437754,0.15199219149537024,0.14253612170865798,0.03979985158564787,0.4087886455870516,0.06705537218406876,0.09032945859224067,0.44022231930460826,0.2595168328595884,0.08076505873712532,0.016134420541606624,0.35806603682377086,0.19819432834153924,0.3232886309983154,0.34027751700134445,0.22359669210084376,-0.04110058615488487,0.32104519396598546,-0.043097502365374844,0.3330735174167033
CD16,0.31692651244475817,0.32346050012692207,0.238860632175157,0.6949495643031494,0.17848248490523033,0.32080351760002873,0.8532431031204144,0.2452236758359811,0.4046436241475932,0.8676287566134488,0.280939605954378,0.3658866704999663,0.8520324438706937,0.27670189338808193,0.23825889591777238,0.9999999999999999,0.2840080133701767,0.34925668992664033,0.5592074944797437,0.2392405795701944,0.3059866287626771,0.8405751972711322,0.2627561760734141,0.390386994439012,0.724007386407326,0.3680283663242858,0.18450692938022356,0.5707803055926107,0.18569222355022466,0.2253404538206309,0.359258585811072,0.40995723562402264,0.21084346353196942,0.5940098898333165,0.19910633889292478,0.6449115035687305,0.43836640020040696,0.4314808144127632,0.1450902589503365,0.4389924510091127,0.24936636424005218,0.46164823145635336,0.3795153354762198,0.4343106824460049,0.13636260608463405,0.3487987451481607,0.3791227010167401,0.24995209201435725,0.44640046279486506,0.3774224439823751,0.2620799928790784,0.24032206394968667,0.1889555380159085,0.395173384869058
ITLN1,0.24168410273583504,0.8499944917881064,0.22199448245657902,0.43512585137198406,0.06045031870036999,0.18500781062966118,0.39104967261703993,0.06178478675527182,0.16410513218025144,0.342859076123831,0.2461438229322754,0.1373470139406289,0.31897557876456273,0.7694757813620037,0.005108458424705415,0.28400801337017667,1.0,0.08027833608042424,0.39499575716508295,0.5645092039400554,0.22759085086895786,0.3071157273152182,0.07668166563438591,0.13105839238827435,0.3614099736770543,-0.03159007213549665,0.043706000546402064,0.1905447112014197,0.5799522387388889,0.20226577150426564,0.1980938037769181,0.007233568253655979,0.17874505135744645,0.3369679386293813,0.016120915225819855,0.5689023292643777,0.2421100108242979,0.3078958362605925,0.04869492660541584,0.4285289301135384,0.16571774262030478,0.476936017283946,-0.032295275472360656,0.1548994944750201,0.4775165234916279,0.02085954821913504,0.14943257622871778,0.008113452098649004,0.08515354761809682,-0.03901158005881477,0.7135239886568833,0.029474028860896975,0.026794100621434707,0.19917467079007847
HLADR,0.32825503898669856,0.059380409993959944,0.25082879755883997,0.31078097191717863,0.10086920208839462,0.2586467303738185,0.30912152291283723,0.4417908351302846,0.5958094407731204,0.30780124143472276,0.2223767736759034,0.601101844505191,0.24908600077742218,0.09130703140637494,0.5095534203751451,0.34925668992664033,0.08027833608042424,1.0,0.44665267109361834,0.05007785746912327,0.30638816570667704,0.4614200903679755,0.31791734864623433,0.36017972176105995,0.3159122531429127,0.1497526550621624,0.17643875303229611,0.05912040644688016,0.028378506895535865,0.20038322911007808,0.22920862425714705,0.3048757730471554,0.21617516281412133,0.32612237836833285,0.6546587767741219,0.23520645789252614,0.10708358319133644,0.16719874163860884,0.43619022842880806,0.18267537092083636,0.2680817341929276,0.4478464823973395,0.19097452456408107,0.35522031828031764,0.03944381628880322,0.16216956977053515,0.5769957229197873,0.4178922477681798,0.27249722521899805,0.10284028521586613,0.051356519978195514,0.42623003064672743,-0.04195625572045937,0.29751279301746203
CD123,0.7923090425198424,0.3190674626034898,0.12014461179853005,0.86440291420129,0.13258192213600342,0.14988934335905166,0.7067217969794302,0.3503819428598171,0.3583130034963907,0.5359476831577501,0.10897674890321307,0.25380892252078785,0.4152711436298591,0.4498210287150855,0.42355594841311767,0.5592074944797437,0.3949957571650829,0.4466526710936184,0.9999999999999998,0.4178417093979603,0.2195880110104878,0.6844132642600409,0.175056233494353,0.6503602041525268,0.5487565523479417,0.5274437683823722,0.19347074671136236,0.07507824047313233,0.30933230674407436,0.1404579210592306,0.7703933371309526,0.6005797396917542,0.10515819904467481,0.758741552322559,0.46757348463045784,0.6666088870669734,0.6236247747809096,0.18640113906031616,0.2518844825789673,0.3003370083088339,0.17186476645675075,0.7036380877162167,0.5640852542707113,0.23859629126928183,0.1948047766984519,0.48138009704885576,0.35373530912104684,0.31528251834924154,0.6270681511781474,0.49392341319040634,0.4891190250287051,0.33880180480763966,-0.07927989707576842,0.7058169386618247
CD66,0.1671294521437273,0.540940746238631,0.15611741743112642,0.3648787944568272,0.0405480690469166,0.1463764651720186,0.31911685087896,0.017565032730224188,0.04255313627931724,0.269351288995374,0.16966030303491128,0.09619589283668226,0.24507361158693483,0.7076513432513603,0.002039672758457848,0.23924057957019437,0.5645092039400554,0.05007785746912327,0.4178417093979603,1.0,0.12444583909705571,0.2605908970534504,0.027528178220972768,-0.002482785365137368,0.3065619883656428,-0.08557285904265895,0.024459702039103436,0.1757655647172931,0.3637076402714457,0.1332577764375989,0.17537774430827238,-0.04953402527840647,0.14947617336131644,0.20313019069856258,0.018797050507870543,0.3266301543614083,0.20751173030000017,0.1829005975298198,0.0547470708537893,0.2994592098629633,0.09835785949556132,0.407149002203889,-0.07751371205818257,0.13799679678219084,0.3114076474240746,-0.04888331831176737,0.06251465000996753,-0.03074003642480823,-0.05006999651154357,-0.08703422609519533,0.6986032090685815,-0.028428144205644486,0.02374250316489105,0.1478403533228468
CD3,0.21476508531622535,0.22916798326545676,0.4368099006529703,0.27713715546305845,0.12143743190158435,0.4032150706589002,0.35053532087534583,0.24088288322923346,0.4899556514717704,0.3425151672983255,0.5769480016308919,0.40493982851791505,0.41406594918964484,0.207046166694914,0.13068138127377305,0.3059866287626771,0.22759085086895783,0.3063881657066771,0.2195880110104878,0.12444583909705573,1.0,0.41363755751673703,0.3295735048303108,0.17647807517891606,0.25000697542473166,0.037914641884332884,0.14372763622570772,0.15948469006203597,0.10149279842332334,0.355569760442847,0.12136246452747661,0.12278440799104322,0.37658299819280944,0.2763872613644715,0.12063102480850825,0.29538648683502167,0.07110032167416348,0.4971537476347585,0.13678825274563983,0.3068873050328608,0.7045130706817132,0.24188986533378168,0.04496702596298707,0.210089462152139,0.0946574851674291,0.09648347178758811,0.4955023021088994,0.14440995640277932,0.1370499631698274,0.05892646592652261,0.15079370983979784,0.15040175986060977,-0.0036893715940208224,0.15644913162048468
CD45RO,0.5092323758029961,0.30875383384468974,0.22263392058424553,0.7551384868522586,0.16735316841353026,0.2998905252430055,0.8297783858327927,0.3441717846994349,0.5830364043762295,0.8259001148698266,0.2836988511634899,0.5028752234459309,0.7823779931452783,0.30678658618091337,0.2701864096428907,0.8405751972711323,0.3071157273152182,0.4614200903679755,0.6844132642600409,0.2605908970534504,0.4136375575167371,1.0,0.3551670864936999,0.4852272785678402,0.6791972778145391,0.34919401499934516,0.18679011577004537,0.42102628099501554,0.20613506337832874,0.22386739753355045,0.489801882996246,0.443979939989311,0.19949626232379938,0.680746750944842,0.21182473457649148,0.6653954832533532,0.4215730325279317,0.4129312956091194,0.17187194286605925,0.44980133654038124,0.3312764542320447,0.5370368889937233,0.3638183343791278,0.4840738294992021,0.1385824097026278,0.39051933275145523,0.5877097597295982,0.4004460711211908,0.484605385094683,0.38767639289370903,0.3206634151453379,0.41043982309080485,0.09070364821234951,0.4782374104187075
CD38,0.20660826219906078,0.0940046649517471,0.13729895716852125,0.23337805063842018,0.05003115813451945,0.15580040758478006,0.26819278080466485,0.27900501147967116,0.4333609774503061,0.4125048703747073,0.23451774574106726,0.3821464739131007,0.3063374961789074,0.09331800549781383,0.04542905018062174,0.2627561760734141,0.07668166563438593,0.31791734864623433,0.175056233494353,0.027528178220972768,0.3295735048303108,0.3551670864936999,0.9999999999999998,0.17513733802876294,0.23168167883684695,0.03925576039995518,0.05545345286465238,0.10131659171215683,0.018016512803970944,0.11927091321473672,0.07966059618813177,0.1415450967908291,0.12919789708602705,0.2609763304245529,0.13625667719973103,0.254494654401323,0.02819249156937722,0.20175942365024974,0.09174602333207758,0.4921901691191157,0.42612637092582134,0.21502523260529216,0.030129632972440794,0.2404419127957232,0.02333795613596837,0.12196176088009737,0.49633139268955506,0.1851222042103567,0.17085195823916913,0.07655989726876952,0.07275037421987311,0.23076716110915654,0.006200798753259132,0.16340365435574822
CD90,0.6637947287847977,0.04448366179451889,0.0686372830959385,0.6276622505221566,0.2835982241205546,0.06202882652757838,0.4793860306528519,0.4616989822178898,0.3377392090347991,0.3466874403656328,0.0522529832393923,0.22101245281355714,0.24764342369113176,0.08874366092546677,0.5242832609976594,0.390386994439012,0.13105839238827435,0.36017972176105995,0.6503602041525268,-0.002482785365137368,0.17647807517891606,0.4852272785678402,0.17513733802876294,1.0,0.42852828738753795,0.654957697720271,0.25480529692781906,-0.06586943113136506,0.10748699705435663,0.08877747516807175,0.7209977190543994,0.7015016632909719,0.05247727129903314,0.7285680335511838,0.3440336752013789,0.48185534782023104,0.5900942176196304,0.08886179876867123,0.18250117276288072,0.20294913997807362,0.14597012179814278,0.5212123635342506,0.6593296473572244,0.18252296068479057,0.08194570611081159,0.6632685629544717,0.3402565935484219,0.3334634695172118,0.7605424668361581,0.6780125415025353,0.10858570663917352,0.36952954759949774,-0.0727282222279487,0.6659213239520342
CK7,0.325949607902921,0.4060826244437104,0.18553856960290513,0.6569122458712332,0.19044668282585492,0.2335595005732727,0.7560026009125901,0.5288521845513369,0.294823039010241,0.7495240454059964,0.23862982564305757,0.2674570665516932,0.7235335160313445,0.35592801629275644,0.30677782755933625,0.724007386407326,0.3614099736770543,0.3159122531429127,0.5487565523479417,0.30656198836564275,0.25000697542473166,0.6791972778145391,0.23168167883684695,0.4285282873875379,0.9999999999999998,0.24782352254779497,0.17092706230755977,0.5882211244027143,0.2749707567596251,0.1815172225726305,0.4372303809653924,0.3988994093277425,0.1558409100021122,0.6280575490956297,0.27080219166198494,0.6477060918323478,0.37879242547876585,0.4393345387992162,0.17894189710148126,0.5042390180932788,0.20820644819060485,0.5988876039969703,0.24867809514313,0.429773124927442,0.17697542908221658,0.3576753682989672,0.2878222520750924,0.21613611577056388,0.3495020164912175,0.27401278221303815,0.38716168166271264,0.239081653805368,0.23505248879290258,0.4205673249885047
aSMA,0.4991640090986499,-0.10525888693923359,0.012136309564515134,0.5622715022134284,0.18606073292665612,0.005961425216619675,0.43468042782630967,0.17396854014330906,0.08871777240578885,0.286204171988704,-0.027304046676454544,0.060609668423195956,0.21413511285605896,-0.060805816133251894,0.209452951679892,0.3680283663242858,-0.03159007213549665,0.14975265506216237,0.5274437683823721,-0.08557285904265895,0.037914641884332884,0.3491940149993452,0.03925576039995518,0.654957697720271,0.247823522547795,1.0,0.23018510677375187,-0.042959133045002394,-0.030589084344543677,0.04063862327012186,0.6092989724289666,0.8055889601809145,0.015897122841942238,0.5882710835089664,0.17180238751628443,0.39826839960071053,0.7644743212054572,0.016594198251990457,0.032439390200629685,0.03581967227230371,0.03580754594183368,0.18388505765556942,0.9361201600903922,0.10486573073160015,-0.024822940420632243,0.5874153485568497,0.11031309628470816,0.08674431469641727,0.8323818353049358,0.8212935143714261,-0.052184712413865936,0.08772725799327447,-0.007832894238495848,0.5760654853793765
CD117,0.17619741204104183,0.024401753625410985,0.21766617593348753,0.1927092023640595,0.3097660173178706,0.22197243346960183,0.18661909256251868,0.21034183393994116,0.12370126977510572,0.15989395571900158,0.14580604427397356,0.1639280294810205,0.13641772944970723,0.01794299149180006,0.27473753857639316,0.1845069293802236,0.04370600054640206,0.17643875303229611,0.19347074671136236,0.024459702039103436,0.14372763622570772,0.18679011577004537,0.05545345286465238,0.25480529692781906,0.17092706230755977,0.23018510677375184,1.0,0.0892133435206394,0.012894991014977928,0.19409980581478137,0.275509003685759,0.2430476730489142,0.2301340622911769,0.23732836206332553,0.1164925351838956,0.1581314362944848,0.2138246906948023,0.09841884150247539,0.14257696486841892,0.13209028492260044,0.12602925541936283,0.1552253893697581,0.2660105289660073,0.1235550578778709,0.03748706112941835,0.3211161718927601,0.10424000087855793,0.09209428107981517,0.29099163821606217,0.27277032201622087,-0.01652027638023221,0.06614600939247918,0.024504164465552293,0.17770037295276736
CD127,-0.15662049196879876,0.34520167898623805,0.2754337036897102,0.24633658452156676,0.1482045859494824,0.36322233093495926,0.5091233658571978,0.017812837043732536,0.06967222031490104,0.6111307610789357,0.3278758867810374,0.1438082283357692,0.6768493971495829,0.13485921851230206,0.016913753543313592,0.5707803055926107,0.19054471120141972,0.059120406446880165,0.07507824047313233,0.17576556471729313,0.15948469006203597,0.4210262809950156,0.10131659171215683,-0.06586943113136506,0.5882211244027143,-0.042959133045002394,0.0892133435206394,1.0,0.12288447957328594,0.2116770384659383,0.005497378028965429,-0.038883687328509026,0.2552484561882492,0.19216672038594296,-0.007104373097750539,0.40321114433519983,0.03734786954230644,0.5706730209845607,0.0408880900411715,0.4732126939439543,0.13334732641504882,0.22451937055832677,-0.05815941509846838,0.49919464360093135,0.07811972782458748,0.0592258487054024,-0.0008628380959645166,0.06236521123571564,-0.05508556703858975,0.010251058127609182,0.09854479401704765,0.013271215173340649,0.5463543032491172,-0.07379908385224768
MUC2,0.2336294217523027,0.6124270935375535,0.05951727082539107,0.3717918115268694,0.012636729707246844,0.04207014807453146,0.30106452233983694,0.04566237280842357,0.08744806445414675,0.24779838621965838,0.0963095086853886,0.05743722151964312,0.21713220298846445,0.5793657212765145,-0.017314905247681173,0.18569222355022466,0.5799522387388888,0.028378506895535862,0.30933230674407436,0.36370764027144575,0.10149279842332334,0.20613506337832876,0.018016512803970944,0.10748699705435663,0.2749707567596251,-0.030589084344543677,0.012894991014977927,0.12288447957328594,1.0,0.07973501029937462,0.1608725792436562,0.017633460443980356,0.05373167435534061,0.25076090943262797,-0.0013935837684274437,0.42077718791418134,0.2147712626507257,0.20133840017180554,0.01743739503922221,0.3268077014400073,0.08261723988696666,0.38591732706637416,-0.02709942937805328,0.09934901463581054,0.26291292419215295,0.011748458237556743,0.11018334024705308,-0.0074671645077183735,0.078164537365401,-0.035068165770986245,0.612819307698252,0.01984322646328094,-0.005641751504061452,0.21030113087491534
CHGA,0.0749040969116798,0.20142542107634728,0.5419105009239512,0.18775132395464778,0.16979325819646357,0.5302742897244036,0.24434266412366218,0.09684861617411479,0.23918028418502896,0.2400322222678269,0.3629409374580898,0.29063276984734043,0.2393780684587434,0.15177233466084,0.1345012542123886,0.2253404538206309,0.20226577150426564,0.20038322911007808,0.1404579210592306,0.13325777643759887,0.355569760442847,0.22386739753355045,0.11927091321473673,0.08877747516807176,0.1815172225726305,0.040638623270121854,0.1940998058147814,0.2116770384659383,0.07973501029937462,0.9999999999999998,0.09222054945226459,0.07394206423515394,0.7168027611638641,0.14418875625163735,0.12180459965341188,0.2021410818902456,0.08014217971079812,0.2636311125006443,0.19515435004313925,0.2136105510655634,0.3746515234033676,0.15338042936227905,0.05090173563326866,0.19523411740546676,0.17332298197919185,0.07798143743255581,0.10934559774198169,0.075135969166541,0.052041176792774105,0.03580000895979544,0.08014742704646706,0.047674404168579355,0.03042747194613493,0.0142930248362489
FAP,0.7504699922529293,0.1177778943197895,0.08379078527786993,0.6858994358752891,0.19414532141128962,0.08819763671752072,0.4945655407661209,0.3501504003787333,0.21917478454338474,0.3215703814153926,0.05387495356299792,0.14190641499343304,0.20504810160900505,0.21860220640601566,0.4052509845925579,0.35925858581107206,0.1980938037769181,0.22920862425714703,0.7703933371309526,0.1753777443082724,0.12136246452747662,0.48980188299624605,0.07966059618813177,0.7209977190543995,0.43723038096539235,0.6092989724289666,0.275509003685759,0.005497378028965428,0.16087257924365617,0.09222054945226457,1.0,0.6277456691664259,0.07749166974191346,0.7037481007229112,0.24266247732451962,0.4864491800118647,0.6197824625489492,0.10726707220015491,0.1406598953438225,0.19310367234156198,0.10016362421306116,0.44695906763702975,0.6342455796316463,0.17834007412662697,0.09700377418007232,0.5927554533184678,0.2168008788982858,0.32695209539816705,0.6669790939685205,0.617826487260006,0.24389255136604188,0.33434459061790656,-0.009513695629760116,0.671560875506246
CollagenIV,0.539307538469139,-0.06225168764465104,0.058599010961218966,0.5873890395897151,0.23169894100202937,0.05925451872120893,0.4744167193039325,0.48998181044232464,0.23409648267278643,0.34553400620138075,0.034301718289757935,0.1827138524439762,0.2684970642735929,0.0017399267948078252,0.34008977644615657,0.40995723562402264,0.007233568253655978,0.3048757730471554,0.6005797396917542,-0.04953402527840647,0.12278440799104322,0.443979939989311,0.1415450967908291,0.701501663290972,0.3988994093277424,0.8055889601809145,0.2430476730489142,-0.03888368732850903,0.017633460443980356,0.07394206423515394,0.6277456691664259,0.9999999999999999,0.05215710919266912,0.6877870397258061,0.2980859078839903,0.4402085724496008,0.6777984026402365,0.06907536575554224,0.2313804521249955,0.12681922657901018,0.10951659589867564,0.3620993621840596,0.8272636125383264,0.18685287801709208,-0.014276283087879102,0.6300003213405277,0.2513853662960655,0.17779770863973515,0.8233471679710214,0.7586321224391347,0.020930346799572872,0.20033551893796767,-0.027277649213817475,0.6049648637513536
CD21,0.016126137342537348,0.1794032008104825,0.6862512621148164,0.14319064755272784,0.216488753402262,0.6661835994350479,0.2288123938159721,0.08258879278438062,0.22769328203438155,0.23692216917953512,0.4389274320859149,0.32109012757348426,0.22584088275365943,0.11148598881374432,0.16130898754606554,0.21084346353196942,0.17874505135744645,0.21617516281412133,0.10515819904467481,0.14947617336131644,0.37658299819280944,0.1994962623237994,0.12919789708602705,0.05247727129903313,0.1558409100021122,0.015897122841942238,0.23013406229117686,0.25524845618824926,0.053731674355340604,0.7168027611638641,0.07749166974191346,0.05215710919266912,1.0,0.11101567044753467,0.1492149218226325,0.14307251746833163,0.06865325865757503,0.30245840432444226,0.2588299064495423,0.24644159179272257,0.45251580540638203,0.09870649298973476,0.028821302578381062,0.22111581331000174,0.19948430647442913,0.05826223472056597,0.07664268351994902,0.0711415440518042,0.0120532545205026,0.01793729743924797,-0.001797280364751374,0.021412152268102357,0.08338754333251788,-0.046654495319113275
BCL2,0.6947333242222078,0.3048097790467065,0.1251944769014723,0.8102947509001098,0.3080421213341902,0.13419500448749533,0.7176054486246587,0.4305385079836252,0.36088220359158935,0.5983848064322771,0.1763490992228641,0.27213513980201814,0.5068045110134302,0.2884360206106628,0.3872382011116938,0.5940098898333165,0.3369679386293813,0.3261223783683329,0.758741552322559,0.2031301906985626,0.2763872613644715,0.680746750944842,0.2609763304245529,0.7285680335511838,0.6280575490956297,0.5882710835089664,0.23732836206332555,0.19216672038594296,0.250760909432628,0.14418875625163732,0.7037481007229112,0.6877870397258061,0.11101567044753466,1.0,0.2494823380422518,0.7514652323120747,0.6275415824871924,0.3159037227141165,0.1863939401744947,0.4496112620746942,0.23263702416954998,0.6553525152952687,0.6273272453032144,0.3495021629626807,0.18065389546271574,0.6861782518039384,0.3894796859057749,0.2985048378140108,0.7545451265942962,0.6633821105906441,0.32833343769939544,0.317734130874255,0.08679441434362146,0.7215354104088709
CD31,0.2994473235515834,-0.014703973704044356,0.11197641820635906,0.24001531516420638,0.020890926038618227,0.10772430672574931,0.20507998653164974,0.3664391086809191,0.25101740936298483,0.1357006870698132,0.07365647127909132,0.17004975504046824,0.09463004571351394,0.01816767080806444,0.5956958341437754,0.19910633889292476,0.016120915225819855,0.654658776774122,0.46757348463045784,0.018797050507870543,0.12063102480850825,0.2118247345764915,0.13625667719973103,0.3440336752013789,0.27080219166198494,0.17180238751628443,0.11649253518389562,-0.007104373097750538,-0.001393583768427444,0.12180459965341187,0.24266247732451965,0.2980859078839903,0.1492149218226325,0.24948233804225184,0.9999999999999999,0.1211412581529427,0.10523369326444232,0.04665345589461463,0.4627717167099146,0.04264804280423174,0.121117182016212,0.5105147276420187,0.20347337170835614,0.0845094725547638,0.027247302583416778,0.18607402539828735,0.20943504367092763,0.2467415612930456,0.18957720641947134,0.05434368369485221,-0.0019161745693705267,0.29406702730095474,-0.04732650542217959,0.2901994615955106
Ki67,0.5237177967827434,0.5995757862246406,0.1681964130669567,0.8076719982858979,0.19974634329591487,0.17261441856196116,0.7757605491863995,0.24422902262939317,0.3186898729315128,0.7030924422146411,0.24923299020205494,0.2602544451420477,0.6446199287767423,0.5065550543311163,0.15199219149537024,0.6449115035687305,0.5689023292643778,0.23520645789252612,0.6666088870669734,0.32663015436140824,0.29538648683502167,0.6653954832533532,0.254494654401323,0.48185534782023104,0.6477060918323478,0.39826839960071053,0.1581314362944848,0.4032111443351999,0.4207771879141813,0.2021410818902456,0.4864491800118647,0.44020857244960077,0.14307251746833163,0.7514652323120747,0.1211412581529427,1.0,0.5743303665334499,0.5080305379701154,0.10085726599780949,0.598622960578641,0.24986612152817128,0.66744995619382,0.4189327580225717,0.4458292044946776,0.27954765163329287,0.4646551282962107,0.34079646290507287,0.16931982502096765,0.5548398659589144,0.43979288545605993,0.5383836955683468,0.18842303772919938,0.2130783381508204,0.5467634861321073
SOX9,0.5293637372424248,0.17443312064383462,0.0545995448862204,0.7062728145411092,0.17823562343574334,0.03307177441938758,0.57208192417039,0.12589538218798693,0.05294370603502748,0.4010223439056289,0.013303756914256984,0.048026739389351904,0.32520687311918617,0.21191059378943722,0.14253612170865798,0.438366400200407,0.24211001082429787,0.10708358319133644,0.6236247747809096,0.20751173030000017,0.07110032167416348,0.4215730325279317,0.028192491569377223,0.5900942176196304,0.3787924254787658,0.7644743212054573,0.21382469069480234,0.03734786954230644,0.2147712626507257,0.08014217971079812,0.6197824625489492,0.6777984026402364,0.06865325865757503,0.6275415824871924,0.10523369326444232,0.5743303665334499,0.9999999999999998,0.11290469241264538,0.07325451101692153,0.20859990798473724,0.07183859261241843,0.3096465858472318,0.783705953807301,0.17160199502313286,0.1148914659855794,0.5546171169298153,0.09576394709998969,0.009692767974167424,0.766468208668579,0.7338240145425582,0.2775000661641424,0.029578659571849946,-0.01945283816553847,0.5850788247144781
CD8,0.07708733641682128,0.44289724644782447,0.2923543817693191,0.3279255637642812,0.15645234038212075,0.298107323142801,0.48152584389422326,0.15468186258542432,0.2534661248176714,0.4799490769238886,0.49168071064036245,0.2454623597038573,0.5378371046027453,0.25986141977411426,0.03979985158564787,0.4314808144127632,0.3078958362605925,0.16719874163860884,0.18640113906031616,0.1829005975298198,0.4971537476347585,0.41293129560911945,0.20175942365024974,0.08886179876867124,0.4393345387992162,0.016594198251990457,0.0984188415024754,0.5706730209845609,0.20133840017180554,0.2636311125006443,0.10726707220015493,0.06907536575554224,0.3024584043244423,0.3159037227141165,0.04665345589461462,0.5080305379701154,0.11290469241264538,1.0,0.09149243335629204,0.5727150851546357,0.39991483394587335,0.3604240415548905,0.015030489003833242,0.538936060456179,0.09632385781590237,0.14979158965738457,0.30815108252656026,0.16847295815236418,0.0861376645842887,0.07863714023625117,0.24192824497608534,0.1500652280389279,0.4915226134544369,0.1246896112627411
CD36,0.12915842237759906,0.023579164251730397,0.18334148189831184,0.13035177276405768,0.06857127331379266,0.1737495756357503,0.14418781788502877,0.29339216344157554,0.20837638012162946,0.12004238914157464,0.12889632618571298,0.17971516346823105,0.10377920455651864,0.04622064002994222,0.4087886455870516,0.1450902589503365,0.04869492660541584,0.43619022842880806,0.25188448257896723,0.0547470708537893,0.13678825274563983,0.17187194286605925,0.09174602333207758,0.18250117276288072,0.17894189710148126,0.032439390200629685,0.14257696486841892,0.0408880900411715,0.01743739503922221,0.19515435004313922,0.1406598953438225,0.23138045212499553,0.2588299064495423,0.1863939401744947,0.46277171670991457,0.10085726599780949,0.07325451101692154,0.09149243335629204,0.9999999999999999,0.08808920249629106,0.1665606473383982,0.26282422671919947,0.11552120095782858,0.13249331122861083,0.061711614963066846,0.09305500105624213,0.16447940378477374,0.14186511239962052,0.11449806150539295,0.04493829804720573,0.0248631162531684,0.13144823733526798,-0.004150718146686992,0.11595313784442365
CD138,0.20111447687204106,0.5343660413656945,0.23130346266781995,0.4402491155943066,0.3293347315769302,0.20816076214262685,0.49438517958638306,0.24126079590693128,0.298539934816049,0.5672930722938483,0.33389438323461496,0.2518822508178531,0.5110870552317106,0.38607268712152637,0.06705537218406876,0.4389924510091127,0.4285289301135383,0.18267537092083636,0.300337008308834,0.29945920986296326,0.3068873050328608,0.44980133654038124,0.4921901691191157,0.20294913997807365,0.5042390180932788,0.03581967227230371,0.13209028492260041,0.4732126939439544,0.3268077014400073,0.2136105510655634,0.19310367234156198,0.12681922657901018,0.24644159179272254,0.4496112620746942,0.04264804280423174,0.5986229605786411,0.20859990798473724,0.5727150851546357,0.08808920249629106,1.0,0.3634611017121644,0.5087182208984178,0.053055064468232216,0.51002619969583,0.1729749915707299,0.2503762447207057,0.3462181194602323,0.17536524199740883,0.19859908922754171,0.1495930494794061,0.40369508961611894,0.17322443022607908,0.3689574628185458,0.23205144379526493
CD69,0.16984217560754014,0.16573067912836278,0.35198377889904553,0.21896088677916997,0.10229328281403391,0.30420583299438403,0.28275003536759724,0.20687702097076027,0.3926052085250393,0.3120693973450774,0.5211719715750923,0.3496850701705798,0.33032731555864214,0.1562780081287449,0.09032945859224067,0.24936636424005218,0.16571774262030475,0.2680817341929276,0.17186476645675072,0.0983578594955613,0.7045130706817132,0.3312764542320447,0.42612637092582134,0.14597012179814278,0.20820644819060483,0.03580754594183367,0.12602925541936283,0.1333473264150488,0.08261723988696668,0.3746515234033676,0.10016362421306117,0.10951659589867563,0.452515805406382,0.23263702416954998,0.121117182016212,0.24986612152817128,0.07183859261241843,0.39991483394587335,0.16656064733839818,0.3634611017121644,1.0,0.20224187204520724,0.048266937966211905,0.22681295436643026,0.12561157492203892,0.10129712615309498,0.43282455577580137,0.14276892131173474,0.1324786017101272,0.06313556890635312,0.10822197376841605,0.1365222490191306,0.015716199219452085,0.11612858725614483
CD49f,0.5297897617925436,0.4887021782315448,0.10352399838222412,0.6536890448162678,0.25116114988352145,0.10107386308038413,0.5751791658111022,0.39996115172933694,0.34377607657324427,0.4911221323138826,0.17416713398783593,0.24034912191069754,0.4240010271700998,0.4977887091996412,0.44022231930460826,0.4616482314563534,0.47693601728394597,0.44784648239733943,0.7036380877162167,0.407149002203889,0.24188986533378168,0.5370368889937233,0.21502523260529213,0.5212123635342507,0.5988876039969703,0.18388505765556942,0.1552253893697581,0.22451937055832677,0.3859173270663742,0.15338042936227905,0.44695906763702975,0.36209936218405964,0.09870649298973476,0.6553525152952687,0.5105147276420187,0.66744995619382,0.30964658584723187,0.36042404155489044,0.26282422671919947,0.5087182208984178,0.20224187204520724,1.0,0.22824400936567046,0.34057126003512606,0.2325669881804484,0.4447605454848189,0.36418968136959895,0.2952751790528304,0.3784574991952672,0.2755188897929041,0.5648437127426656,0.35093755963061407,0.11559496532834525,0.5267353199909883
CD49a,0.5181305963266684,-0.11032474199695932,0.017427839450999422,0.5805330495191228,0.24096297498006436,0.0026471983072043864,0.4450480630695682,0.17309891066029612,0.09414264604100728,0.28365917734265533,-0.028097771073905275,0.06707511315251768,0.21036916303881212,-0.0588978514465719,0.2595168328595884,0.37951533547621974,-0.03229527547236066,0.1909745245640811,0.5640852542707113,-0.07751371205818257,0.044967025962987066,0.3638183343791278,0.030129632972440798,0.6593296473572243,0.24867809514313,0.9361201600903921,0.2660105289660073,-0.05815941509846838,-0.027099429378053284,0.050901735633268656,0.6342455796316463,0.8272636125383264,0.028821302578381062,0.6273272453032144,0.20347337170835614,0.41893275802257174,0.7837059538073011,0.015030489003833244,0.11552120095782858,0.05305506446823221,0.0482669379662119,0.22824400936567046,1.0,0.12431357402058665,-0.018932873403618076,0.6607486156166541,0.12326504771519764,0.09930707222143716,0.8816983405197829,0.8656601600836497,-0.046519439435342334,0.09594076015765046,-0.019178843363801646,0.5964844231789671
CD68,0.12233565917250533,0.2596995784418403,0.18169369067579344,0.32303646381256557,0.17841177586776433,0.1655370834676953,0.4023128474409537,0.2272277846859508,0.3637093265197552,0.4517741237220376,0.29280935602121017,0.4173684807516548,0.4383890246715925,0.14673985263808287,0.08076505873712532,0.4343106824460049,0.1548994944750201,0.35522031828031764,0.2385962912692818,0.13799679678219084,0.210089462152139,0.48407382949920214,0.2404419127957232,0.18252296068479054,0.4297731249274421,0.10486573073160015,0.1235550578778709,0.49919464360093135,0.09934901463581054,0.19523411740546678,0.17834007412662697,0.18685287801709208,0.2211158133100017,0.3495021629626807,0.0845094725547638,0.44582920449467767,0.17160199502313286,0.5389360604561791,0.13249331122861083,0.51002619969583,0.22681295436643023,0.340571260035126,0.12431357402058667,1.0,0.06073717532062328,0.267519572327666,0.3782029985467505,0.36453456232544545,0.21149650478847276,0.2023916097275426,0.13927969858909503,0.33474230735919736,0.4986515113016609,0.19364605642563262
OLFM4,0.09950340775429752,0.41604388317904917,0.13863589945625002,0.18679226188887685,0.03117658348058352,0.12954331021313847,0.16985699398328497,0.003999336720700071,0.05057740219897503,0.14377950627111077,0.10229466192022024,0.07211597054529674,0.13397234609212985,0.38371498299148565,0.016134420541606624,0.13636260608463405,0.4775165234916279,0.03944381628880322,0.19480477669845192,0.3114076474240746,0.0946574851674291,0.1385824097026278,0.023337956135968372,0.08194570611081158,0.17697542908221658,-0.024822940420632243,0.03748706112941835,0.07811972782458748,0.26291292419215295,0.17332298197919183,0.09700377418007232,-0.014276283087879102,0.19948430647442913,0.18065389546271574,0.02724730258341678,0.27954765163329287,0.11489146598557938,0.09632385781590237,0.06171161496306684,0.1729749915707299,0.12561157492203892,0.2325669881804484,-0.018932873403618072,0.06073717532062328,1.0,0.008337743776862912,0.03925542158143887,-0.0017528994628775085,0.04968564554450466,-0.022668694903763217,0.3436235808325775,-0.005667685844756224,-0.004877711293290328,0.06331528386468864
Podoplanin,0.4776629972708473,-0.0071888792437627995,0.051150971655466476,0.4968837775803376,0.46494513322773,0.0293360889232566,0.4014694656709369,0.31206025129021975,0.16014679422687558,0.292861441309402,0.058669919179918574,0.11868528110694491,0.2295992932046159,-0.00837330804213586,0.35806603682377086,0.34879874514816067,0.02085954821913504,0.16216956977053518,0.48138009704885576,-0.04888331831176737,0.09648347178758811,0.39051933275145523,0.12196176088009736,0.6632685629544716,0.3576753682989672,0.5874153485568496,0.3211161718927601,0.0592258487054024,0.011748458237556743,0.07798143743255581,0.5927554533184678,0.6300003213405277,0.05826223472056598,0.6861782518039384,0.18607402539828738,0.4646551282962107,0.5546171169298153,0.1497915896573846,0.09305500105624213,0.25037624472070563,0.10129712615309498,0.4447605454848189,0.6607486156166542,0.267519572327666,0.008337743776862914,1.0,0.18723590819876398,0.23218958699556894,0.7241528351779559,0.7770321677875089,-0.0006311927726286396,0.2722625502725311,0.12967809714927855,0.5306360460135724
CD45,0.39087897095927265,0.14046192065669846,0.07915346496009655,0.36224180171500214,0.05906508063300024,0.07375349341476943,0.3372510190493599,0.42846235103691127,0.7954529836802489,0.36169808147070237,0.2494294269642485,0.6051454186995078,0.3249027323758148,0.19661820590202575,0.19819432834153924,0.3791227010167401,0.14943257622871778,0.5769957229197873,0.35373530912104684,0.06251465000996753,0.49550230210889945,0.587709759729598,0.49633139268955506,0.3402565935484219,0.2878222520750924,0.11031309628470816,0.10424000087855793,-0.0008628380959645167,0.1101833402470531,0.10934559774198169,0.2168008788982858,0.25138536629606545,0.076642683519949,0.389479685905775,0.20943504367092763,0.3407964629050729,0.09576394709998969,0.30815108252656026,0.16447940378477374,0.3462181194602323,0.43282455577580137,0.36418968136959895,0.12326504771519763,0.3782029985467505,0.03925542158143887,0.18723590819876398,0.9999999999999998,0.5148289227726002,0.3205487298120598,0.14326720973712403,0.19928474306988914,0.544600187453714,-0.04977898442604118,0.3475864305703563
CD163,0.3333737575665168,0.014009894030559814,0.06524093990220514,0.221847382117052,0.07849923136705396,0.05413863572470088,0.16539179631348114,0.31649910157009625,0.5900406052887704,0.1427680002889206,0.11235533756832751,0.3078816162688475,0.09349396819915998,0.01032625372949004,0.32328863099831545,0.24995209201435722,0.008113452098649004,0.4178922477681798,0.31528251834924154,-0.030740036424808232,0.14440995640277934,0.4004460711211908,0.18512220421035672,0.33346346951721184,0.21613611577056388,0.08674431469641727,0.09209428107981515,0.06236521123571564,-0.0074671645077183735,0.075135969166541,0.32695209539816705,0.17779770863973515,0.0711415440518042,0.2985048378140108,0.24674156129304559,0.16931982502096765,0.009692767974167425,0.16847295815236418,0.14186511239962052,0.17536524199740883,0.14276892131173474,0.29527517905283046,0.09930707222143716,0.3645345623254454,-0.0017528994628775085,0.23218958699556894,0.5148289227726001,0.9999999999999999,0.22409982409133108,0.15408133779020863,-0.003929595691103854,0.9432832915171361,0.12934905177486783,0.31776031222578416
CD44,0.6061924399128615,0.005487990232542061,0.015522492746110205,0.652650053985559,0.26596637447755656,-0.0014682831789538274,0.5096989122055393,0.3039420663946386,0.2748394890880559,0.37342810906607704,0.013905245273114158,0.17979241931344697,0.2816529189564507,0.04594461580425049,0.34027751700134445,0.44640046279486506,0.08515354761809682,0.27249722521899805,0.6270681511781474,-0.05006999651154357,0.1370499631698274,0.484605385094683,0.17085195823916913,0.7605424668361581,0.3495020164912175,0.8323818353049357,0.2909916382160621,-0.05508556703858975,0.07816453736540098,0.052041176792774105,0.6669790939685205,0.8233471679710215,0.0120532545205026,0.7545451265942962,0.18957720641947134,0.5548398659589143,0.766468208668579,0.0861376645842887,0.11449806150539296,0.19859908922754174,0.13247860171012718,0.3784574991952672,0.8816983405197828,0.21149650478847276,0.04968564554450466,0.724152835177956,0.32054872981205973,0.22409982409133108,1.0,0.8667941117020281,0.06761386655240326,0.23157256461297868,-0.03691266755344365,0.6655066255275867
CD56,0.4816337627333097,-0.09167032545691724,0.013146717855623661,0.5455378147083814,0.34454860206016175,0.0008671068189327387,0.4346063159062305,0.193224170616189,0.10416126101959845,0.29997205988660824,0.007653254975043601,0.08118370155728447,0.23839192138852391,-0.0700616049773805,0.22359669210084374,0.3774224439823752,-0.03901158005881477,0.10284028521586615,0.4939234131904063,-0.08703422609519533,0.058926465926522606,0.38767639289370903,0.07655989726876952,0.6780125415025353,0.27401278221303815,0.8212935143714261,0.27277032201622087,0.010251058127609182,-0.03506816577098624,0.03580000895979543,0.617826487260006,0.7586321224391348,0.017937297439247966,0.6633821105906442,0.05434368369485221,0.43979288545605993,0.7338240145425582,0.07863714023625117,0.04493829804720573,0.14959304947940608,0.06313556890635312,0.2755188897929041,0.8656601600836495,0.2023916097275426,-0.02266869490376322,0.7770321677875088,0.14326720973712403,0.1540813377902086,0.8667941117020281,0.9999999999999998,-0.06636958985234181,0.14741765785506014,0.0837039318547469,0.5704691512530963
Cytokeratin,0.31810202199296916,0.7148888874560839,0.018516035298550403,0.5111056900798192,-0.032152191295552836,0.0020067624591311698,0.406901237110864,0.10606386149183254,0.13999743806252818,0.34336836503262513,0.07726389202903441,0.08835753255719248,0.29633439813320117,0.84907402698067,-0.04110058615488488,0.2620799928790784,0.7135239886568832,0.05135651997819552,0.4891190250287051,0.6986032090685815,0.15079370983979784,0.3206634151453379,0.07275037421987311,0.10858570663917352,0.38716168166271264,-0.052184712413865936,-0.01652027638023221,0.09854479401704765,0.6128193076982519,0.08014742704646707,0.24389255136604188,0.02093034679957287,-0.001797280364751374,0.32833343769939544,-0.001916174569370527,0.5383836955683468,0.2775000661641424,0.24192824497608534,0.024863116253168397,0.40369508961611894,0.10822197376841607,0.5648437127426656,-0.04651943943534234,0.13927969858909503,0.3436235808325775,-0.0006311927726286396,0.19928474306988916,-0.003929595691103854,0.06761386655240326,-0.06636958985234183,1.0,0.03492805755010638,-0.05651304965959645,0.2838614566819265
CD206,0.3763481763647674,0.028415249273203783,0.03329675017792865,0.2540151364530888,0.04955161029490825,0.0230116787581693,0.17639028510423882,0.36261389711228403,0.6219318328127937,0.14865770090907235,0.09230376530994605,0.31343096298404277,0.09141261984182161,0.035925516140049844,0.32104519396598546,0.2403220639496867,0.029474028860896978,0.42623003064672743,0.3388018048076397,-0.02842814420564449,0.15040175986060977,0.41043982309080485,0.23076716110915654,0.36952954759949774,0.23908165380536803,0.08772725799327448,0.06614600939247918,0.01327121517334065,0.019843226463280943,0.047674404168579355,0.3343445906179066,0.20033551893796767,0.021412152268102357,0.317734130874255,0.29406702730095474,0.1884230377291994,0.029578659571849946,0.15006522803892788,0.13144823733526798,0.1732244302260791,0.1365222490191306,0.35093755963061407,0.09594076015765046,0.33474230735919736,-0.005667685844756224,0.27226255027253116,0.544600187453714,0.9432832915171361,0.23157256461297865,0.14741765785506014,0.03492805755010638,1.0,0.08760017834468853,0.35104389105014605
aDefensin5,-0.1878355115507025,0.2025385984258572,0.05958748816621335,0.013577862925229011,0.1679980426464348,0.05159849478693969,0.14543815565467735,0.009607513125057261,-0.0542942116475722,0.19175849040895246,0.23836064195732315,-0.02419541337407658,0.2503308522114155,0.00023218535370387157,-0.04309750236537485,0.1889555380159085,0.026794100621434707,-0.04195625572045937,-0.07927989707576842,0.02374250316489105,-0.0036893715940208224,0.09070364821234951,0.006200798753259132,-0.0727282222279487,0.23505248879290258,-0.007832894238495848,0.024504164465552293,0.5463543032491173,-0.005641751504061452,0.030427471946134925,-0.009513695629760116,-0.02727764921381748,0.08338754333251788,0.08679441434362145,-0.04732650542217959,0.2130783381508204,-0.01945283816553847,0.4915226134544368,-0.004150718146686992,0.3689574628185458,0.01571619921945209,0.11559496532834525,-0.01917884336380165,0.49865151130166085,-0.0048777112932903285,0.12967809714927855,-0.04977898442604117,0.12934905177486783,-0.03691266755344365,0.08370393185474691,-0.05651304965959646,0.08760017834468853,1.0,-0.03917954842843386
DRAQ5,0.8250348542661279,0.15092198717026317,-0.012669923701069005,0.7161638064793516,0.13684296891665831,-0.03998645557532818,0.5319493944949544,0.36164917722586337,0.29801048118709106,0.3670970195759814,0.029229830463310378,0.17245527715453987,0.26225087808122466,0.22929041326573796,0.3330735174167033,0.39517338486905795,0.19917467079007847,0.29751279301746203,0.7058169386618247,0.14784035332284684,0.15644913162048468,0.4782374104187075,0.1634036543557482,0.6659213239520342,0.4205673249885047,0.5760654853793765,0.17770037295276736,-0.07379908385224769,0.21030113087491534,0.014293024836248903,0.6715608755062459,0.6049648637513536,-0.046654495319113275,0.7215354104088709,0.2901994615955106,0.5467634861321073,0.5850788247144781,0.12468961126274111,0.11595313784442365,0.2320514437952649,0.11612858725614483,0.5267353199909883,0.5964844231789671,0.19364605642563262,0.06331528386468863,0.5306360460135724,0.3475864305703563,0.31776031222578416,0.6655066255275867,0.5704691512530962,0.2838614566819265,0.35104389105014605,-0.03917954842843386,1.0
